model,2nd_model,type,feature,importance,std,column
DecisionTreeRegressor,,plain,,831.185, +/- 8.970,ts
DecisionTreeRegressor,,plain,,15.078, +/- 0.514,next_hour
DecisionTreeRegressor,,plain,,9.602, +/- 0.986,next_week
DecisionTreeRegressor,,plain,,9.351, +/- 0.536,day_of_year
DecisionTreeRegressor,,plain,,7.394, +/- 0.544,prev_hour
DecisionTreeRegressor,,plain,,7.370, +/- 0.520,prev_week
DecisionTreeRegressor,,plain,,6.091, +/- 1.285,hour
DecisionTreeRegressor,,plain,,5.842, +/- 0.407,year
DecisionTreeRegressor,,plain,,3.785, +/- 0.746,month
DecisionTreeRegressor,,plain,,2.670, +/- 0.362,week_of_year
DecisionTreeRegressor,,plain,,2.324, +/- 0.136,day_of_week
DecisionTreeRegressor,,plain,,1.632, +/- 0.322,prev_day
DecisionTreeRegressor,,plain,,1.504, +/- 0.779,day
DecisionTreeRegressor,,plain,,0.325, +/- 0.126,next_day
DecisionTreeRegressor,DecisionTreeRegressor,voting,,823.455, +/- 10.251,ts
DecisionTreeRegressor,DecisionTreeRegressor,voting,,11.117, +/- 0.545,next_hour
DecisionTreeRegressor,DecisionTreeRegressor,voting,,8.335, +/- 0.918,week_of_year
DecisionTreeRegressor,DecisionTreeRegressor,voting,,8.132, +/- 0.842,day_of_year
DecisionTreeRegressor,DecisionTreeRegressor,voting,,6.151, +/- 0.270,prev_week
DecisionTreeRegressor,DecisionTreeRegressor,voting,,4.884, +/- 1.259,next_week
DecisionTreeRegressor,DecisionTreeRegressor,voting,,4.206, +/- 0.490,year
DecisionTreeRegressor,DecisionTreeRegressor,voting,,1.393, +/- 0.132,month
DecisionTreeRegressor,DecisionTreeRegressor,voting,,1.305, +/- 0.134,prev_hour
DecisionTreeRegressor,DecisionTreeRegressor,voting,,0.323, +/- 0.180,day_of_week
DecisionTreeRegressor,DecisionTreeRegressor,voting,,0.124, +/- 0.636,prev_day
DecisionTreeRegressor,DecisionTreeRegressor,voting,,0.006, +/- 0.523,next_day
DecisionTreeRegressor,DecisionTreeRegressor,voting,,-0.016, +/- 0.495,hour
DecisionTreeRegressor,DecisionTreeRegressor,voting,,-0.215, +/- 0.397,day
DecisionTreeRegressor,DecisionTreeRegressor,cascade,,844.526, +/- 14.694,preds
DecisionTreeRegressor,DecisionTreeRegressor,cascade,,0.097, +/- 0.000,ts
DecisionTreeRegressor,DecisionTreeRegressor,cascade,,0.002, +/- 0.109,prev_day
DecisionTreeRegressor,DecisionTreeRegressor,cascade,,0.002, +/- 0.003,prev_hour
DecisionTreeRegressor,DecisionTreeRegressor,cascade,,0.000, +/- 0.000,year
DecisionTreeRegressor,DecisionTreeRegressor,cascade,,0.000, +/- 0.000,month
DecisionTreeRegressor,DecisionTreeRegressor,cascade,,0.000, +/- 0.000,prev_week
DecisionTreeRegressor,DecisionTreeRegressor,cascade,,0.000, +/- 0.000,next_week
DecisionTreeRegressor,DecisionTreeRegressor,cascade,,0.000, +/- 0.000,week_of_year
DecisionTreeRegressor,DecisionTreeRegressor,cascade,,0.000, +/- 0.000,day_of_year
DecisionTreeRegressor,DecisionTreeRegressor,cascade,,0.000, +/- 0.000,day_of_week
DecisionTreeRegressor,DecisionTreeRegressor,cascade,,0.000, +/- 0.000,day
DecisionTreeRegressor,DecisionTreeRegressor,cascade,,0.000, +/- 0.000,next_hour
DecisionTreeRegressor,DecisionTreeRegressor,cascade,,0.000, +/- 0.000,hour
DecisionTreeRegressor,DecisionTreeRegressor,cascade,,-0.001, +/- 0.004,next_day
DecisionTreeRegressor,RandomForestRegressor,voting,,825.719, +/- 10.499,ts
DecisionTreeRegressor,RandomForestRegressor,voting,,10.852, +/- 0.016,next_hour
DecisionTreeRegressor,RandomForestRegressor,voting,,3.431, +/- 0.071,prev_hour
DecisionTreeRegressor,RandomForestRegressor,voting,,3.346, +/- 0.309,prev_week
DecisionTreeRegressor,RandomForestRegressor,voting,,2.917, +/- 0.335,day_of_year
DecisionTreeRegressor,RandomForestRegressor,voting,,2.322, +/- 0.206,year
DecisionTreeRegressor,RandomForestRegressor,voting,,2.104, +/- 0.440,next_week
DecisionTreeRegressor,RandomForestRegressor,voting,,1.773, +/- 0.143,hour
DecisionTreeRegressor,RandomForestRegressor,voting,,1.620, +/- 0.363,week_of_year
DecisionTreeRegressor,RandomForestRegressor,voting,,0.587, +/- 0.077,month
DecisionTreeRegressor,RandomForestRegressor,voting,,0.500, +/- 0.036,day_of_week
DecisionTreeRegressor,RandomForestRegressor,voting,,0.289, +/- 0.202,day
DecisionTreeRegressor,RandomForestRegressor,voting,,-0.018, +/- 0.121,prev_day
DecisionTreeRegressor,RandomForestRegressor,voting,,-0.021, +/- 0.116,next_day
DecisionTreeRegressor,RandomForestRegressor,cascade,,842.360, +/- 14.989,preds
DecisionTreeRegressor,RandomForestRegressor,cascade,,0.471, +/- 0.064,ts
DecisionTreeRegressor,RandomForestRegressor,cascade,,0.007, +/- 0.004,prev_hour
DecisionTreeRegressor,RandomForestRegressor,cascade,,0.002, +/- 0.001,next_hour
DecisionTreeRegressor,RandomForestRegressor,cascade,,0.001, +/- 0.001,prev_week
DecisionTreeRegressor,RandomForestRegressor,cascade,,0.001, +/- 0.002,day_of_week
DecisionTreeRegressor,RandomForestRegressor,cascade,,0.001, +/- 0.001,week_of_year
DecisionTreeRegressor,RandomForestRegressor,cascade,,-0.000, +/- 0.003,day_of_year
DecisionTreeRegressor,RandomForestRegressor,cascade,,-0.003, +/- 0.001,year
DecisionTreeRegressor,RandomForestRegressor,cascade,,-0.004, +/- 0.003,month
DecisionTreeRegressor,RandomForestRegressor,cascade,,-0.004, +/- 0.002,next_week
DecisionTreeRegressor,RandomForestRegressor,cascade,,-0.005, +/- 0.002,hour
DecisionTreeRegressor,RandomForestRegressor,cascade,,-0.007, +/- 0.011,day
DecisionTreeRegressor,RandomForestRegressor,cascade,,-0.014, +/- 0.016,prev_day
DecisionTreeRegressor,RandomForestRegressor,cascade,,-0.018, +/- 0.011,next_day
DecisionTreeRegressor,XGBoostRegressor,voting,,796.106, +/- 9.533,ts
DecisionTreeRegressor,XGBoostRegressor,voting,,8.183, +/- 0.223,next_hour
DecisionTreeRegressor,XGBoostRegressor,voting,,4.931, +/- 0.365,hour
DecisionTreeRegressor,XGBoostRegressor,voting,,4.043, +/- 0.295,day_of_year
DecisionTreeRegressor,XGBoostRegressor,voting,,3.866, +/- 0.581,next_week
DecisionTreeRegressor,XGBoostRegressor,voting,,3.079, +/- 0.207,year
DecisionTreeRegressor,XGBoostRegressor,voting,,2.972, +/- 0.397,prev_week
DecisionTreeRegressor,XGBoostRegressor,voting,,2.887, +/- 0.058,prev_hour
DecisionTreeRegressor,XGBoostRegressor,voting,,0.920, +/- 0.171,day_of_week
DecisionTreeRegressor,XGBoostRegressor,voting,,0.696, +/- 0.094,week_of_year
DecisionTreeRegressor,XGBoostRegressor,voting,,0.455, +/- 0.158,day
DecisionTreeRegressor,XGBoostRegressor,voting,,0.387, +/- 0.145,month
DecisionTreeRegressor,XGBoostRegressor,voting,,0.225, +/- 0.109,prev_day
DecisionTreeRegressor,XGBoostRegressor,voting,,0.045, +/- 0.161,next_day
DecisionTreeRegressor,XGBoostRegressor,cascade,,844.776, +/- 14.437,preds
DecisionTreeRegressor,XGBoostRegressor,cascade,,0.048, +/- 0.000,ts
DecisionTreeRegressor,XGBoostRegressor,cascade,,0.003, +/- 0.004,day
DecisionTreeRegressor,XGBoostRegressor,cascade,,0.002, +/- 0.001,hour
DecisionTreeRegressor,XGBoostRegressor,cascade,,0.000, +/- 0.000,prev_day
DecisionTreeRegressor,XGBoostRegressor,cascade,,0.000, +/- 0.000,day_of_year
DecisionTreeRegressor,XGBoostRegressor,cascade,,0.000, +/- 0.000,next_hour
DecisionTreeRegressor,XGBoostRegressor,cascade,,0.000, +/- 0.000,year
DecisionTreeRegressor,XGBoostRegressor,cascade,,0.000, +/- 0.000,month
DecisionTreeRegressor,XGBoostRegressor,cascade,,0.000, +/- 0.000,next_week
DecisionTreeRegressor,XGBoostRegressor,cascade,,0.000, +/- 0.000,week_of_year
DecisionTreeRegressor,XGBoostRegressor,cascade,,0.000, +/- 0.000,prev_hour
DecisionTreeRegressor,XGBoostRegressor,cascade,,-0.000, +/- 0.000,next_day
DecisionTreeRegressor,XGBoostRegressor,cascade,,-0.000, +/- 0.000,day_of_week
DecisionTreeRegressor,XGBoostRegressor,cascade,,-0.001, +/- 0.003,prev_week
DecisionTreeRegressor,SVR,voting,,776.497, +/- 10.390,ts
DecisionTreeRegressor,SVR,voting,,9.345, +/- 0.147,next_hour
DecisionTreeRegressor,SVR,voting,,6.452, +/- 0.298,day_of_year
DecisionTreeRegressor,SVR,voting,,5.360, +/- 0.085,year
DecisionTreeRegressor,SVR,voting,,5.325, +/- 0.222,prev_week
DecisionTreeRegressor,SVR,voting,,4.810, +/- 0.189,prev_hour
DecisionTreeRegressor,SVR,voting,,4.480, +/- 0.342,day_of_week
DecisionTreeRegressor,SVR,voting,,4.428, +/- 0.038,hour
DecisionTreeRegressor,SVR,voting,,4.174, +/- 0.461,next_week
DecisionTreeRegressor,SVR,voting,,3.272, +/- 0.048,month
DecisionTreeRegressor,SVR,voting,,3.145, +/- 0.144,week_of_year
DecisionTreeRegressor,SVR,voting,,2.360, +/- 0.482,next_day
DecisionTreeRegressor,SVR,voting,,2.321, +/- 0.095,prev_day
DecisionTreeRegressor,SVR,voting,,1.649, +/- 0.166,day
DecisionTreeRegressor,SVR,cascade,,831.247, +/- 14.769,preds
DecisionTreeRegressor,SVR,cascade,,0.012, +/- 0.006,next_day
DecisionTreeRegressor,SVR,cascade,,0.009, +/- 0.008,prev_week
DecisionTreeRegressor,SVR,cascade,,0.007, +/- 0.011,next_week
DecisionTreeRegressor,SVR,cascade,,0.001, +/- 0.006,next_hour
DecisionTreeRegressor,SVR,cascade,,-0.003, +/- 0.003,day
DecisionTreeRegressor,SVR,cascade,,-0.003, +/- 0.003,prev_day
DecisionTreeRegressor,SVR,cascade,,-0.006, +/- 0.010,day_of_week
DecisionTreeRegressor,SVR,cascade,,-0.006, +/- 0.010,week_of_year
DecisionTreeRegressor,SVR,cascade,,-0.008, +/- 0.001,hour
DecisionTreeRegressor,SVR,cascade,,-0.010, +/- 0.008,year
DecisionTreeRegressor,SVR,cascade,,-0.011, +/- 0.012,month
DecisionTreeRegressor,SVR,cascade,,-0.012, +/- 0.012,day_of_year
DecisionTreeRegressor,SVR,cascade,,-0.013, +/- 0.005,prev_hour
DecisionTreeRegressor,SVR,cascade,,-0.061, +/- 0.001,ts
DecisionTreeRegressor,GradientBoostingRegressor,voting,,811.941, +/- 9.090,ts
DecisionTreeRegressor,GradientBoostingRegressor,voting,,7.708, +/- 0.310,next_hour
DecisionTreeRegressor,GradientBoostingRegressor,voting,,4.148, +/- 0.464,prev_hour
DecisionTreeRegressor,GradientBoostingRegressor,voting,,3.759, +/- 0.068,hour
DecisionTreeRegressor,GradientBoostingRegressor,voting,,3.489, +/- 0.411,day_of_year
DecisionTreeRegressor,GradientBoostingRegressor,voting,,3.391, +/- 0.516,prev_week
DecisionTreeRegressor,GradientBoostingRegressor,voting,,3.248, +/- 0.218,year
DecisionTreeRegressor,GradientBoostingRegressor,voting,,2.327, +/- 0.383,day_of_week
DecisionTreeRegressor,GradientBoostingRegressor,voting,,1.496, +/- 0.204,next_week
DecisionTreeRegressor,GradientBoostingRegressor,voting,,0.832, +/- 0.048,month
DecisionTreeRegressor,GradientBoostingRegressor,voting,,0.623, +/- 0.150,week_of_year
DecisionTreeRegressor,GradientBoostingRegressor,voting,,0.622, +/- 0.048,prev_day
DecisionTreeRegressor,GradientBoostingRegressor,voting,,0.320, +/- 0.107,day
DecisionTreeRegressor,GradientBoostingRegressor,voting,,0.301, +/- 0.385,next_day
DecisionTreeRegressor,GradientBoostingRegressor,cascade,,844.443, +/- 14.408,preds
DecisionTreeRegressor,GradientBoostingRegressor,cascade,,0.000, +/- 0.000,month
DecisionTreeRegressor,GradientBoostingRegressor,cascade,,0.000, +/- 0.000,day_of_year
DecisionTreeRegressor,GradientBoostingRegressor,cascade,,0.000, +/- 0.000,week_of_year
DecisionTreeRegressor,GradientBoostingRegressor,cascade,,0.000, +/- 0.000,next_day
DecisionTreeRegressor,GradientBoostingRegressor,cascade,,0.000, +/- 0.000,year
DecisionTreeRegressor,GradientBoostingRegressor,cascade,,0.000, +/- 0.000,prev_week
DecisionTreeRegressor,GradientBoostingRegressor,cascade,,0.000, +/- 0.000,next_week
DecisionTreeRegressor,GradientBoostingRegressor,cascade,,0.000, +/- 0.000,day_of_week
DecisionTreeRegressor,GradientBoostingRegressor,cascade,,0.000, +/- 0.000,day
DecisionTreeRegressor,GradientBoostingRegressor,cascade,,0.000, +/- 0.000,next_hour
DecisionTreeRegressor,GradientBoostingRegressor,cascade,,0.000, +/- 0.000,hour
DecisionTreeRegressor,GradientBoostingRegressor,cascade,,-0.000, +/- 0.000,prev_day
DecisionTreeRegressor,GradientBoostingRegressor,cascade,,-0.000, +/- 0.000,prev_hour
DecisionTreeRegressor,GradientBoostingRegressor,cascade,,-0.002, +/- 0.000,ts
RandomForestRegressor,,plain,,825.353, +/- 11.337,ts
RandomForestRegressor,,plain,,7.352, +/- 0.298,next_hour
RandomForestRegressor,,plain,,1.889, +/- 0.105,prev_hour
RandomForestRegressor,,plain,,1.087, +/- 0.147,day_of_year
RandomForestRegressor,,plain,,1.030, +/- 0.091,hour
RandomForestRegressor,,plain,,1.013, +/- 0.057,year
RandomForestRegressor,,plain,,0.547, +/- 0.322,prev_week
RandomForestRegressor,,plain,,0.379, +/- 0.139,next_week
RandomForestRegressor,,plain,,-0.065, +/- 0.074,week_of_year
RandomForestRegressor,,plain,,-0.105, +/- 0.032,month
RandomForestRegressor,,plain,,-0.141, +/- 0.062,day_of_week
RandomForestRegressor,,plain,,-0.282, +/- 0.076,next_day
RandomForestRegressor,,plain,,-0.376, +/- 0.074,day
RandomForestRegressor,,plain,,-0.397, +/- 0.053,prev_day
RandomForestRegressor,DecisionTreeRegressor,voting,,826.921, +/- 10.341,ts
RandomForestRegressor,DecisionTreeRegressor,voting,,9.386, +/- 0.226,next_hour
RandomForestRegressor,DecisionTreeRegressor,voting,,3.071, +/- 0.527,prev_week
RandomForestRegressor,DecisionTreeRegressor,voting,,3.028, +/- 0.395,hour
RandomForestRegressor,DecisionTreeRegressor,voting,,2.616, +/- 0.495,day_of_year
RandomForestRegressor,DecisionTreeRegressor,voting,,2.503, +/- 0.187,prev_hour
RandomForestRegressor,DecisionTreeRegressor,voting,,2.502, +/- 0.306,week_of_year
RandomForestRegressor,DecisionTreeRegressor,voting,,2.405, +/- 0.161,year
RandomForestRegressor,DecisionTreeRegressor,voting,,1.588, +/- 0.356,next_week
RandomForestRegressor,DecisionTreeRegressor,voting,,1.374, +/- 0.316,day_of_week
RandomForestRegressor,DecisionTreeRegressor,voting,,0.116, +/- 0.116,day
RandomForestRegressor,DecisionTreeRegressor,voting,,0.077, +/- 0.051,month
RandomForestRegressor,DecisionTreeRegressor,voting,,-0.022, +/- 0.381,next_day
RandomForestRegressor,DecisionTreeRegressor,voting,,-0.277, +/- 0.104,prev_day
RandomForestRegressor,DecisionTreeRegressor,cascade,,1171.075, +/- 16.172,preds
RandomForestRegressor,DecisionTreeRegressor,cascade,,58.982, +/- 0.567,ts
RandomForestRegressor,DecisionTreeRegressor,cascade,,0.388, +/- 0.055,prev_hour
RandomForestRegressor,DecisionTreeRegressor,cascade,,0.282, +/- 0.032,next_hour
RandomForestRegressor,DecisionTreeRegressor,cascade,,0.278, +/- 0.061,day_of_year
RandomForestRegressor,DecisionTreeRegressor,cascade,,0.212, +/- 0.079,hour
RandomForestRegressor,DecisionTreeRegressor,cascade,,0.113, +/- 0.034,next_day
RandomForestRegressor,DecisionTreeRegressor,cascade,,0.111, +/- 0.019,prev_week
RandomForestRegressor,DecisionTreeRegressor,cascade,,0.104, +/- 0.027,prev_day
RandomForestRegressor,DecisionTreeRegressor,cascade,,0.078, +/- 0.015,day
RandomForestRegressor,DecisionTreeRegressor,cascade,,0.040, +/- 0.022,day_of_week
RandomForestRegressor,DecisionTreeRegressor,cascade,,0.033, +/- 0.011,year
RandomForestRegressor,DecisionTreeRegressor,cascade,,0.032, +/- 0.049,next_week
RandomForestRegressor,DecisionTreeRegressor,cascade,,0.023, +/- 0.017,month
RandomForestRegressor,DecisionTreeRegressor,cascade,,0.017, +/- 0.010,week_of_year
RandomForestRegressor,RandomForestRegressor,voting,,827.144, +/- 11.715,ts
RandomForestRegressor,RandomForestRegressor,voting,,7.107, +/- 0.312,next_hour
RandomForestRegressor,RandomForestRegressor,voting,,2.143, +/- 0.091,prev_hour
RandomForestRegressor,RandomForestRegressor,voting,,1.281, +/- 0.153,day_of_year
RandomForestRegressor,RandomForestRegressor,voting,,1.089, +/- 0.105,hour
RandomForestRegressor,RandomForestRegressor,voting,,1.040, +/- 0.077,year
RandomForestRegressor,RandomForestRegressor,voting,,0.636, +/- 0.310,prev_week
RandomForestRegressor,RandomForestRegressor,voting,,0.496, +/- 0.116,next_week
RandomForestRegressor,RandomForestRegressor,voting,,-0.096, +/- 0.073,week_of_year
RandomForestRegressor,RandomForestRegressor,voting,,-0.101, +/- 0.028,month
RandomForestRegressor,RandomForestRegressor,voting,,-0.139, +/- 0.072,day_of_week
RandomForestRegressor,RandomForestRegressor,voting,,-0.263, +/- 0.035,next_day
RandomForestRegressor,RandomForestRegressor,voting,,-0.342, +/- 0.053,day
RandomForestRegressor,RandomForestRegressor,voting,,-0.353, +/- 0.054,prev_day
RandomForestRegressor,RandomForestRegressor,cascade,,1119.175, +/- 15.096,preds
RandomForestRegressor,RandomForestRegressor,cascade,,29.718, +/- 0.493,ts
RandomForestRegressor,RandomForestRegressor,cascade,,0.020, +/- 0.012,next_hour
RandomForestRegressor,RandomForestRegressor,cascade,,0.010, +/- 0.007,prev_week
RandomForestRegressor,RandomForestRegressor,cascade,,0.010, +/- 0.006,next_week
RandomForestRegressor,RandomForestRegressor,cascade,,-0.002, +/- 0.004,month
RandomForestRegressor,RandomForestRegressor,cascade,,-0.003, +/- 0.004,day_of_week
RandomForestRegressor,RandomForestRegressor,cascade,,-0.004, +/- 0.002,day_of_year
RandomForestRegressor,RandomForestRegressor,cascade,,-0.006, +/- 0.002,week_of_year
RandomForestRegressor,RandomForestRegressor,cascade,,-0.008, +/- 0.005,year
RandomForestRegressor,RandomForestRegressor,cascade,,-0.018, +/- 0.010,next_day
RandomForestRegressor,RandomForestRegressor,cascade,,-0.023, +/- 0.005,day
RandomForestRegressor,RandomForestRegressor,cascade,,-0.033, +/- 0.014,prev_day
RandomForestRegressor,RandomForestRegressor,cascade,,-0.047, +/- 0.025,prev_hour
RandomForestRegressor,RandomForestRegressor,cascade,,-0.063, +/- 0.009,hour
RandomForestRegressor,XGBoostRegressor,voting,,796.770, +/- 10.919,ts
RandomForestRegressor,XGBoostRegressor,voting,,5.364, +/- 0.175,next_hour
RandomForestRegressor,XGBoostRegressor,voting,,2.890, +/- 0.047,hour
RandomForestRegressor,XGBoostRegressor,voting,,2.617, +/- 0.077,prev_hour
RandomForestRegressor,XGBoostRegressor,voting,,2.046, +/- 0.163,year
RandomForestRegressor,XGBoostRegressor,voting,,1.318, +/- 0.138,day_of_year
RandomForestRegressor,XGBoostRegressor,voting,,1.204, +/- 0.334,prev_week
RandomForestRegressor,XGBoostRegressor,voting,,0.518, +/- 0.124,next_week
RandomForestRegressor,XGBoostRegressor,voting,,0.251, +/- 0.018,day_of_week
RandomForestRegressor,XGBoostRegressor,voting,,-0.038, +/- 0.037,next_day
RandomForestRegressor,XGBoostRegressor,voting,,-0.039, +/- 0.034,week_of_year
RandomForestRegressor,XGBoostRegressor,voting,,-0.050, +/- 0.018,month
RandomForestRegressor,XGBoostRegressor,voting,,-0.089, +/- 0.046,day
RandomForestRegressor,XGBoostRegressor,voting,,-0.116, +/- 0.028,prev_day
RandomForestRegressor,XGBoostRegressor,cascade,,1360.807, +/- 20.092,preds
RandomForestRegressor,XGBoostRegressor,cascade,,84.788, +/- 0.197,ts
RandomForestRegressor,XGBoostRegressor,cascade,,0.409, +/- 0.086,hour
RandomForestRegressor,XGBoostRegressor,cascade,,0.289, +/- 0.037,prev_hour
RandomForestRegressor,XGBoostRegressor,cascade,,0.089, +/- 0.025,day_of_year
RandomForestRegressor,XGBoostRegressor,cascade,,0.071, +/- 0.004,prev_week
RandomForestRegressor,XGBoostRegressor,cascade,,0.071, +/- 0.020,next_hour
RandomForestRegressor,XGBoostRegressor,cascade,,0.040, +/- 0.004,next_day
RandomForestRegressor,XGBoostRegressor,cascade,,0.020, +/- 0.005,prev_day
RandomForestRegressor,XGBoostRegressor,cascade,,0.009, +/- 0.015,year
RandomForestRegressor,XGBoostRegressor,cascade,,0.003, +/- 0.016,next_week
RandomForestRegressor,XGBoostRegressor,cascade,,0.000, +/- 0.000,month
RandomForestRegressor,XGBoostRegressor,cascade,,0.000, +/- 0.000,week_of_year
RandomForestRegressor,XGBoostRegressor,cascade,,-0.002, +/- 0.025,day_of_week
RandomForestRegressor,XGBoostRegressor,cascade,,-0.031, +/- 0.017,day
RandomForestRegressor,SVR,voting,,777.549, +/- 11.723,ts
RandomForestRegressor,SVR,voting,,6.932, +/- 0.127,next_hour
RandomForestRegressor,SVR,voting,,4.319, +/- 0.125,year
RandomForestRegressor,SVR,voting,,3.363, +/- 0.129,day_of_year
RandomForestRegressor,SVR,voting,,3.340, +/- 0.059,prev_hour
RandomForestRegressor,SVR,voting,,3.070, +/- 0.085,hour
RandomForestRegressor,SVR,voting,,2.819, +/- 0.093,month
RandomForestRegressor,SVR,voting,,2.753, +/- 0.133,week_of_year
RandomForestRegressor,SVR,voting,,2.741, +/- 0.104,day_of_week
RandomForestRegressor,SVR,voting,,2.647, +/- 0.197,next_week
RandomForestRegressor,SVR,voting,,2.375, +/- 0.121,prev_week
RandomForestRegressor,SVR,voting,,2.123, +/- 0.096,next_day
RandomForestRegressor,SVR,voting,,1.804, +/- 0.111,prev_day
RandomForestRegressor,SVR,voting,,1.125, +/- 0.039,day
RandomForestRegressor,SVR,cascade,,974.009, +/- 16.304,preds
RandomForestRegressor,SVR,cascade,,5.799, +/- 0.238,ts
RandomForestRegressor,SVR,cascade,,0.027, +/- 0.003,prev_week
RandomForestRegressor,SVR,cascade,,0.026, +/- 0.013,prev_hour
RandomForestRegressor,SVR,cascade,,0.026, +/- 0.009,next_week
RandomForestRegressor,SVR,cascade,,0.017, +/- 0.005,next_day
RandomForestRegressor,SVR,cascade,,0.011, +/- 0.002,hour
RandomForestRegressor,SVR,cascade,,0.010, +/- 0.006,next_hour
RandomForestRegressor,SVR,cascade,,0.006, +/- 0.006,week_of_year
RandomForestRegressor,SVR,cascade,,0.006, +/- 0.006,day_of_week
RandomForestRegressor,SVR,cascade,,0.005, +/- 0.007,day_of_year
RandomForestRegressor,SVR,cascade,,0.005, +/- 0.007,month
RandomForestRegressor,SVR,cascade,,0.005, +/- 0.007,year
RandomForestRegressor,SVR,cascade,,0.003, +/- 0.003,day
RandomForestRegressor,SVR,cascade,,-0.005, +/- 0.001,prev_day
RandomForestRegressor,GradientBoostingRegressor,voting,,812.179, +/- 11.875,ts
RandomForestRegressor,GradientBoostingRegressor,voting,,4.718, +/- 0.159,next_hour
RandomForestRegressor,GradientBoostingRegressor,voting,,3.507, +/- 0.151,prev_hour
RandomForestRegressor,GradientBoostingRegressor,voting,,1.996, +/- 0.108,hour
RandomForestRegressor,GradientBoostingRegressor,voting,,0.823, +/- 0.075,year
RandomForestRegressor,GradientBoostingRegressor,voting,,0.657, +/- 0.273,prev_week
RandomForestRegressor,GradientBoostingRegressor,voting,,0.444, +/- 0.055,day_of_year
RandomForestRegressor,GradientBoostingRegressor,voting,,0.155, +/- 0.046,next_week
RandomForestRegressor,GradientBoostingRegressor,voting,,0.036, +/- 0.042,week_of_year
RandomForestRegressor,GradientBoostingRegressor,voting,,-0.014, +/- 0.026,day_of_week
RandomForestRegressor,GradientBoostingRegressor,voting,,-0.015, +/- 0.006,month
RandomForestRegressor,GradientBoostingRegressor,voting,,-0.033, +/- 0.022,next_day
RandomForestRegressor,GradientBoostingRegressor,voting,,-0.074, +/- 0.057,day
RandomForestRegressor,GradientBoostingRegressor,voting,,-0.090, +/- 0.034,prev_day
RandomForestRegressor,GradientBoostingRegressor,cascade,,1434.290, +/- 22.983,preds
RandomForestRegressor,GradientBoostingRegressor,cascade,,103.205, +/- 1.568,ts
RandomForestRegressor,GradientBoostingRegressor,cascade,,0.034, +/- 0.008,prev_week
RandomForestRegressor,GradientBoostingRegressor,cascade,,0.005, +/- 0.007,next_hour
RandomForestRegressor,GradientBoostingRegressor,cascade,,0.004, +/- 0.001,prev_hour
RandomForestRegressor,GradientBoostingRegressor,cascade,,0.002, +/- 0.002,hour
RandomForestRegressor,GradientBoostingRegressor,cascade,,0.002, +/- 0.007,year
RandomForestRegressor,GradientBoostingRegressor,cascade,,0.001, +/- 0.001,next_day
RandomForestRegressor,GradientBoostingRegressor,cascade,,0.000, +/- 0.000,month
RandomForestRegressor,GradientBoostingRegressor,cascade,,0.000, +/- 0.000,next_week
RandomForestRegressor,GradientBoostingRegressor,cascade,,0.000, +/- 0.000,prev_day
RandomForestRegressor,GradientBoostingRegressor,cascade,,0.000, +/- 0.000,day_of_week
RandomForestRegressor,GradientBoostingRegressor,cascade,,0.000, +/- 0.000,day
RandomForestRegressor,GradientBoostingRegressor,cascade,,-0.001, +/- 0.003,day_of_year
RandomForestRegressor,GradientBoostingRegressor,cascade,,-0.003, +/- 0.000,week_of_year
XGBoostRegressor,,plain,,771.540, +/- 10.012,ts
XGBoostRegressor,,plain,,5.827, +/- 0.054,hour
XGBoostRegressor,,plain,,4.411, +/- 0.054,next_hour
XGBoostRegressor,,plain,,4.378, +/- 0.270,year
XGBoostRegressor,,plain,,3.435, +/- 0.139,prev_hour
XGBoostRegressor,,plain,,3.358, +/- 0.102,day_of_year
XGBoostRegressor,,plain,,2.104, +/- 0.418,prev_week
XGBoostRegressor,,plain,,1.312, +/- 0.010,day_of_week
XGBoostRegressor,,plain,,1.298, +/- 0.174,next_week
XGBoostRegressor,,plain,,0.121, +/- 0.080,day
XGBoostRegressor,,plain,,0.039, +/- 0.061,next_day
XGBoostRegressor,,plain,,0.000, +/- 0.000,week_of_year
XGBoostRegressor,,plain,,-0.000, +/- 0.002,month
XGBoostRegressor,,plain,,-0.011, +/- 0.012,prev_day
XGBoostRegressor,DecisionTreeRegressor,voting,,795.979, +/- 8.970,ts
XGBoostRegressor,DecisionTreeRegressor,voting,,8.174, +/- 0.017,next_hour
XGBoostRegressor,DecisionTreeRegressor,voting,,4.110, +/- 0.574,prev_week
XGBoostRegressor,DecisionTreeRegressor,voting,,3.677, +/- 0.282,day_of_year
XGBoostRegressor,DecisionTreeRegressor,voting,,3.668, +/- 0.266,prev_hour
XGBoostRegressor,DecisionTreeRegressor,voting,,3.467, +/- 0.227,hour
XGBoostRegressor,DecisionTreeRegressor,voting,,3.227, +/- 0.235,year
XGBoostRegressor,DecisionTreeRegressor,voting,,2.919, +/- 0.665,next_week
XGBoostRegressor,DecisionTreeRegressor,voting,,1.739, +/- 0.290,day_of_week
XGBoostRegressor,DecisionTreeRegressor,voting,,1.280, +/- 0.087,week_of_year
XGBoostRegressor,DecisionTreeRegressor,voting,,0.563, +/- 0.115,prev_day
XGBoostRegressor,DecisionTreeRegressor,voting,,0.438, +/- 0.139,month
XGBoostRegressor,DecisionTreeRegressor,voting,,0.411, +/- 0.148,day
XGBoostRegressor,DecisionTreeRegressor,voting,,0.376, +/- 0.452,next_day
XGBoostRegressor,DecisionTreeRegressor,cascade,,1964.444, +/- 17.856,preds
XGBoostRegressor,DecisionTreeRegressor,cascade,,532.389, +/- 3.744,ts
XGBoostRegressor,DecisionTreeRegressor,cascade,,4.581, +/- 0.295,day_of_year
XGBoostRegressor,DecisionTreeRegressor,cascade,,3.644, +/- 0.630,next_week
XGBoostRegressor,DecisionTreeRegressor,cascade,,3.146, +/- 0.795,prev_hour
XGBoostRegressor,DecisionTreeRegressor,cascade,,2.032, +/- 0.690,next_hour
XGBoostRegressor,DecisionTreeRegressor,cascade,,1.842, +/- 0.058,prev_week
XGBoostRegressor,DecisionTreeRegressor,cascade,,1.136, +/- 0.227,hour
XGBoostRegressor,DecisionTreeRegressor,cascade,,0.945, +/- 0.275,day
XGBoostRegressor,DecisionTreeRegressor,cascade,,0.836, +/- 0.395,next_day
XGBoostRegressor,DecisionTreeRegressor,cascade,,0.733, +/- 0.099,week_of_year
XGBoostRegressor,DecisionTreeRegressor,cascade,,0.675, +/- 0.047,day_of_week
XGBoostRegressor,DecisionTreeRegressor,cascade,,0.356, +/- 0.373,prev_day
XGBoostRegressor,DecisionTreeRegressor,cascade,,0.184, +/- 0.079,month
XGBoostRegressor,DecisionTreeRegressor,cascade,,0.017, +/- 0.029,year
XGBoostRegressor,RandomForestRegressor,voting,,796.549, +/- 10.670,ts
XGBoostRegressor,RandomForestRegressor,voting,,5.401, +/- 0.158,next_hour
XGBoostRegressor,RandomForestRegressor,voting,,2.982, +/- 0.043,hour
XGBoostRegressor,RandomForestRegressor,voting,,2.601, +/- 0.089,prev_hour
XGBoostRegressor,RandomForestRegressor,voting,,2.100, +/- 0.158,year
XGBoostRegressor,RandomForestRegressor,voting,,1.389, +/- 0.097,day_of_year
XGBoostRegressor,RandomForestRegressor,voting,,1.175, +/- 0.352,prev_week
XGBoostRegressor,RandomForestRegressor,voting,,0.437, +/- 0.128,next_week
XGBoostRegressor,RandomForestRegressor,voting,,0.235, +/- 0.031,day_of_week
XGBoostRegressor,RandomForestRegressor,voting,,-0.013, +/- 0.020,week_of_year
XGBoostRegressor,RandomForestRegressor,voting,,-0.023, +/- 0.019,month
XGBoostRegressor,RandomForestRegressor,voting,,-0.049, +/- 0.043,next_day
XGBoostRegressor,RandomForestRegressor,voting,,-0.057, +/- 0.053,day
XGBoostRegressor,RandomForestRegressor,voting,,-0.132, +/- 0.026,prev_day
XGBoostRegressor,RandomForestRegressor,cascade,,1452.571, +/- 17.524,preds
XGBoostRegressor,RandomForestRegressor,cascade,,207.627, +/- 3.357,ts
XGBoostRegressor,RandomForestRegressor,cascade,,0.026, +/- 0.028,prev_hour
XGBoostRegressor,RandomForestRegressor,cascade,,0.017, +/- 0.021,year
XGBoostRegressor,RandomForestRegressor,cascade,,0.001, +/- 0.071,next_hour
XGBoostRegressor,RandomForestRegressor,cascade,,-0.038, +/- 0.007,month
XGBoostRegressor,RandomForestRegressor,cascade,,-0.050, +/- 0.006,week_of_year
XGBoostRegressor,RandomForestRegressor,cascade,,-0.052, +/- 0.020,day_of_year
XGBoostRegressor,RandomForestRegressor,cascade,,-0.074, +/- 0.012,prev_week
XGBoostRegressor,RandomForestRegressor,cascade,,-0.083, +/- 0.008,day_of_week
XGBoostRegressor,RandomForestRegressor,cascade,,-0.089, +/- 0.039,hour
XGBoostRegressor,RandomForestRegressor,cascade,,-0.152, +/- 0.010,next_week
XGBoostRegressor,RandomForestRegressor,cascade,,-0.194, +/- 0.029,day
XGBoostRegressor,RandomForestRegressor,cascade,,-0.194, +/- 0.027,next_day
XGBoostRegressor,RandomForestRegressor,cascade,,-0.217, +/- 0.031,prev_day
XGBoostRegressor,XGBoostRegressor,voting,,771.540, +/- 10.012,ts
XGBoostRegressor,XGBoostRegressor,voting,,5.827, +/- 0.054,hour
XGBoostRegressor,XGBoostRegressor,voting,,4.411, +/- 0.054,next_hour
XGBoostRegressor,XGBoostRegressor,voting,,4.378, +/- 0.270,year
XGBoostRegressor,XGBoostRegressor,voting,,3.435, +/- 0.139,prev_hour
XGBoostRegressor,XGBoostRegressor,voting,,3.358, +/- 0.102,day_of_year
XGBoostRegressor,XGBoostRegressor,voting,,2.104, +/- 0.418,prev_week
XGBoostRegressor,XGBoostRegressor,voting,,1.312, +/- 0.010,day_of_week
XGBoostRegressor,XGBoostRegressor,voting,,1.298, +/- 0.174,next_week
XGBoostRegressor,XGBoostRegressor,voting,,0.121, +/- 0.080,day
XGBoostRegressor,XGBoostRegressor,voting,,0.039, +/- 0.061,next_day
XGBoostRegressor,XGBoostRegressor,voting,,0.000, +/- 0.000,week_of_year
XGBoostRegressor,XGBoostRegressor,voting,,-0.000, +/- 0.002,month
XGBoostRegressor,XGBoostRegressor,voting,,-0.011, +/- 0.012,prev_day
XGBoostRegressor,XGBoostRegressor,cascade,,2034.977, +/- 24.311,preds
XGBoostRegressor,XGBoostRegressor,cascade,,449.389, +/- 3.622,ts
XGBoostRegressor,XGBoostRegressor,cascade,,0.554, +/- 0.223,hour
XGBoostRegressor,XGBoostRegressor,cascade,,0.522, +/- 0.049,prev_hour
XGBoostRegressor,XGBoostRegressor,cascade,,0.269, +/- 0.030,day_of_year
XGBoostRegressor,XGBoostRegressor,cascade,,0.134, +/- 0.022,next_hour
XGBoostRegressor,XGBoostRegressor,cascade,,0.123, +/- 0.044,prev_week
XGBoostRegressor,XGBoostRegressor,cascade,,0.099, +/- 0.057,day_of_week
XGBoostRegressor,XGBoostRegressor,cascade,,0.085, +/- 0.010,next_week
XGBoostRegressor,XGBoostRegressor,cascade,,0.075, +/- 0.015,year
XGBoostRegressor,XGBoostRegressor,cascade,,0.035, +/- 0.014,prev_day
XGBoostRegressor,XGBoostRegressor,cascade,,0.024, +/- 0.039,day
XGBoostRegressor,XGBoostRegressor,cascade,,0.000, +/- 0.000,month
XGBoostRegressor,XGBoostRegressor,cascade,,0.000, +/- 0.000,week_of_year
XGBoostRegressor,XGBoostRegressor,cascade,,-0.015, +/- 0.023,next_day
XGBoostRegressor,SVR,voting,,752.033, +/- 10.732,ts
XGBoostRegressor,SVR,voting,,6.577, +/- 0.291,year
XGBoostRegressor,SVR,voting,,5.392, +/- 0.193,hour
XGBoostRegressor,SVR,voting,,5.291, +/- 0.030,next_hour
XGBoostRegressor,SVR,voting,,4.239, +/- 0.181,day_of_year
XGBoostRegressor,SVR,voting,,3.293, +/- 0.110,prev_hour
XGBoostRegressor,SVR,voting,,3.189, +/- 0.049,day_of_week
XGBoostRegressor,SVR,voting,,3.064, +/- 0.200,prev_week
XGBoostRegressor,SVR,voting,,2.843, +/- 0.107,month
XGBoostRegressor,SVR,voting,,2.726, +/- 0.118,week_of_year
XGBoostRegressor,SVR,voting,,2.712, +/- 0.136,next_week
XGBoostRegressor,SVR,voting,,2.304, +/- 0.092,next_day
XGBoostRegressor,SVR,voting,,1.893, +/- 0.120,prev_day
XGBoostRegressor,SVR,voting,,1.278, +/- 0.041,day
XGBoostRegressor,SVR,cascade,,844.542, +/- 13.201,preds
XGBoostRegressor,SVR,cascade,,0.028, +/- 0.003,prev_week
XGBoostRegressor,SVR,cascade,,0.015, +/- 0.002,next_day
XGBoostRegressor,SVR,cascade,,0.014, +/- 0.006,prev_hour
XGBoostRegressor,SVR,cascade,,0.013, +/- 0.009,next_week
XGBoostRegressor,SVR,cascade,,0.012, +/- 0.011,ts
XGBoostRegressor,SVR,cascade,,0.007, +/- 0.002,year
XGBoostRegressor,SVR,cascade,,0.001, +/- 0.001,day
XGBoostRegressor,SVR,cascade,,0.001, +/- 0.004,next_hour
XGBoostRegressor,SVR,cascade,,0.000, +/- 0.005,hour
XGBoostRegressor,SVR,cascade,,-0.003, +/- 0.005,week_of_year
XGBoostRegressor,SVR,cascade,,-0.003, +/- 0.005,day_of_week
XGBoostRegressor,SVR,cascade,,-0.004, +/- 0.006,month
XGBoostRegressor,SVR,cascade,,-0.004, +/- 0.006,day_of_year
XGBoostRegressor,SVR,cascade,,-0.008, +/- 0.002,prev_day
XGBoostRegressor,GradientBoostingRegressor,voting,,784.109, +/- 10.818,ts
XGBoostRegressor,GradientBoostingRegressor,voting,,4.224, +/- 0.107,hour
XGBoostRegressor,GradientBoostingRegressor,voting,,3.328, +/- 0.145,prev_hour
XGBoostRegressor,GradientBoostingRegressor,voting,,3.235, +/- 0.072,next_hour
XGBoostRegressor,GradientBoostingRegressor,voting,,1.989, +/- 0.185,year
XGBoostRegressor,GradientBoostingRegressor,voting,,1.111, +/- 0.303,prev_week
XGBoostRegressor,GradientBoostingRegressor,voting,,0.967, +/- 0.060,day_of_year
XGBoostRegressor,GradientBoostingRegressor,voting,,0.324, +/- 0.080,next_week
XGBoostRegressor,GradientBoostingRegressor,voting,,0.274, +/- 0.027,day_of_week
XGBoostRegressor,GradientBoostingRegressor,voting,,0.029, +/- 0.022,day
XGBoostRegressor,GradientBoostingRegressor,voting,,0.008, +/- 0.048,next_day
XGBoostRegressor,GradientBoostingRegressor,voting,,-0.005, +/- 0.007,week_of_year
XGBoostRegressor,GradientBoostingRegressor,voting,,-0.009, +/- 0.009,month
XGBoostRegressor,GradientBoostingRegressor,voting,,-0.009, +/- 0.001,prev_day
XGBoostRegressor,GradientBoostingRegressor,cascade,,2547.140, +/- 37.511,preds
XGBoostRegressor,GradientBoostingRegressor,cascade,,710.249, +/- 6.047,ts
XGBoostRegressor,GradientBoostingRegressor,cascade,,0.033, +/- 0.008,next_hour
XGBoostRegressor,GradientBoostingRegressor,cascade,,0.025, +/- 0.008,day_of_year
XGBoostRegressor,GradientBoostingRegressor,cascade,,0.014, +/- 0.001,day
XGBoostRegressor,GradientBoostingRegressor,cascade,,0.010, +/- 0.004,hour
XGBoostRegressor,GradientBoostingRegressor,cascade,,0.007, +/- 0.014,prev_hour
XGBoostRegressor,GradientBoostingRegressor,cascade,,0.006, +/- 0.001,prev_week
XGBoostRegressor,GradientBoostingRegressor,cascade,,0.004, +/- 0.001,next_week
XGBoostRegressor,GradientBoostingRegressor,cascade,,0.000, +/- 0.000,year
XGBoostRegressor,GradientBoostingRegressor,cascade,,0.000, +/- 0.000,month
XGBoostRegressor,GradientBoostingRegressor,cascade,,-0.000, +/- 0.000,day_of_week
XGBoostRegressor,GradientBoostingRegressor,cascade,,-0.001, +/- 0.000,week_of_year
XGBoostRegressor,GradientBoostingRegressor,cascade,,-0.001, +/- 0.001,prev_day
XGBoostRegressor,GradientBoostingRegressor,cascade,,-0.003, +/- 0.005,next_day
SVR,,plain,,736.220, +/- 11.382,ts
SVR,,plain,,12.476, +/- 0.303,year
SVR,,plain,,11.129, +/- 0.327,month
SVR,,plain,,11.095, +/- 0.337,day_of_year
SVR,,plain,,10.741, +/- 0.305,week_of_year
SVR,,plain,,10.741, +/- 0.305,day_of_week
SVR,,plain,,9.903, +/- 0.065,next_hour
SVR,,plain,,9.338, +/- 0.479,next_week
SVR,,plain,,8.997, +/- 0.359,prev_hour
SVR,,plain,,8.414, +/- 0.057,next_day
SVR,,plain,,7.729, +/- 0.278,prev_day
SVR,,plain,,7.530, +/- 0.379,hour
SVR,,plain,,7.496, +/- 0.147,prev_week
SVR,,plain,,4.850, +/- 0.060,day
SVR,DecisionTreeRegressor,voting,,777.489, +/- 10.853,ts
SVR,DecisionTreeRegressor,voting,,10.054, +/- 0.166,next_hour
SVR,DecisionTreeRegressor,voting,,5.901, +/- 0.261,day_of_year
SVR,DecisionTreeRegressor,voting,,5.255, +/- 0.203,year
SVR,DecisionTreeRegressor,voting,,5.040, +/- 0.160,hour
SVR,DecisionTreeRegressor,voting,,4.869, +/- 0.526,next_week
SVR,DecisionTreeRegressor,voting,,4.762, +/- 0.409,prev_week
SVR,DecisionTreeRegressor,voting,,4.327, +/- 0.121,prev_hour
SVR,DecisionTreeRegressor,voting,,4.289, +/- 0.021,week_of_year
SVR,DecisionTreeRegressor,voting,,3.556, +/- 0.131,month
SVR,DecisionTreeRegressor,voting,,3.482, +/- 0.229,day_of_week
SVR,DecisionTreeRegressor,voting,,2.508, +/- 0.353,next_day
SVR,DecisionTreeRegressor,voting,,2.339, +/- 0.096,prev_day
SVR,DecisionTreeRegressor,voting,,1.754, +/- 0.045,day
SVR,DecisionTreeRegressor,cascade,,789.746, +/- 10.560,preds
SVR,DecisionTreeRegressor,cascade,,28.198, +/- 1.209,ts
SVR,DecisionTreeRegressor,cascade,,8.239, +/- 0.806,prev_hour
SVR,DecisionTreeRegressor,cascade,,8.074, +/- 0.261,day_of_year
SVR,DecisionTreeRegressor,cascade,,4.604, +/- 0.296,hour
SVR,DecisionTreeRegressor,cascade,,4.388, +/- 0.498,day_of_week
SVR,DecisionTreeRegressor,cascade,,3.979, +/- 0.272,next_hour
SVR,DecisionTreeRegressor,cascade,,2.794, +/- 0.276,prev_week
SVR,DecisionTreeRegressor,cascade,,2.520, +/- 0.410,day
SVR,DecisionTreeRegressor,cascade,,2.148, +/- 0.264,year
SVR,DecisionTreeRegressor,cascade,,1.673, +/- 0.621,next_week
SVR,DecisionTreeRegressor,cascade,,1.375, +/- 0.078,week_of_year
SVR,DecisionTreeRegressor,cascade,,0.645, +/- 0.913,next_day
SVR,DecisionTreeRegressor,cascade,,0.617, +/- 0.079,prev_day
SVR,DecisionTreeRegressor,cascade,,0.293, +/- 0.466,month
SVR,RandomForestRegressor,voting,,777.496, +/- 11.648,ts
SVR,RandomForestRegressor,voting,,6.911, +/- 0.126,next_hour
SVR,RandomForestRegressor,voting,,4.314, +/- 0.123,year
SVR,RandomForestRegressor,voting,,3.453, +/- 0.125,day_of_year
SVR,RandomForestRegressor,voting,,3.373, +/- 0.062,prev_hour
SVR,RandomForestRegressor,voting,,3.112, +/- 0.106,hour
SVR,RandomForestRegressor,voting,,2.861, +/- 0.113,month
SVR,RandomForestRegressor,voting,,2.833, +/- 0.120,week_of_year
SVR,RandomForestRegressor,voting,,2.742, +/- 0.138,day_of_week
SVR,RandomForestRegressor,voting,,2.676, +/- 0.192,next_week
SVR,RandomForestRegressor,voting,,2.366, +/- 0.123,prev_week
SVR,RandomForestRegressor,voting,,2.147, +/- 0.092,next_day
SVR,RandomForestRegressor,voting,,1.821, +/- 0.128,prev_day
SVR,RandomForestRegressor,voting,,1.130, +/- 0.044,day
SVR,RandomForestRegressor,cascade,,807.712, +/- 11.574,preds
SVR,RandomForestRegressor,cascade,,4.757, +/- 0.126,ts
SVR,RandomForestRegressor,cascade,,2.446, +/- 0.181,prev_hour
SVR,RandomForestRegressor,cascade,,0.859, +/- 0.070,hour
SVR,RandomForestRegressor,cascade,,0.758, +/- 0.054,next_hour
SVR,RandomForestRegressor,cascade,,0.351, +/- 0.028,day_of_year
SVR,RandomForestRegressor,cascade,,0.325, +/- 0.034,year
SVR,RandomForestRegressor,cascade,,0.123, +/- 0.068,prev_week
SVR,RandomForestRegressor,cascade,,-0.017, +/- 0.015,month
SVR,RandomForestRegressor,cascade,,-0.040, +/- 0.035,day_of_week
SVR,RandomForestRegressor,cascade,,-0.093, +/- 0.003,week_of_year
SVR,RandomForestRegressor,cascade,,-0.101, +/- 0.048,next_week
SVR,RandomForestRegressor,cascade,,-0.121, +/- 0.038,day
SVR,RandomForestRegressor,cascade,,-0.138, +/- 0.054,prev_day
SVR,RandomForestRegressor,cascade,,-0.139, +/- 0.049,next_day
SVR,XGBoostRegressor,voting,,752.033, +/- 10.732,ts
SVR,XGBoostRegressor,voting,,6.577, +/- 0.291,year
SVR,XGBoostRegressor,voting,,5.392, +/- 0.193,hour
SVR,XGBoostRegressor,voting,,5.291, +/- 0.030,next_hour
SVR,XGBoostRegressor,voting,,4.239, +/- 0.181,day_of_year
SVR,XGBoostRegressor,voting,,3.293, +/- 0.110,prev_hour
SVR,XGBoostRegressor,voting,,3.189, +/- 0.049,day_of_week
SVR,XGBoostRegressor,voting,,3.064, +/- 0.200,prev_week
SVR,XGBoostRegressor,voting,,2.843, +/- 0.107,month
SVR,XGBoostRegressor,voting,,2.726, +/- 0.118,week_of_year
SVR,XGBoostRegressor,voting,,2.712, +/- 0.136,next_week
SVR,XGBoostRegressor,voting,,2.304, +/- 0.092,next_day
SVR,XGBoostRegressor,voting,,1.893, +/- 0.120,prev_day
SVR,XGBoostRegressor,voting,,1.278, +/- 0.041,day
SVR,XGBoostRegressor,cascade,,668.350, +/- 11.622,preds
SVR,XGBoostRegressor,cascade,,19.329, +/- 0.149,ts
SVR,XGBoostRegressor,cascade,,4.017, +/- 0.197,prev_hour
SVR,XGBoostRegressor,cascade,,2.806, +/- 0.025,hour
SVR,XGBoostRegressor,cascade,,2.224, +/- 0.167,day_of_year
SVR,XGBoostRegressor,cascade,,1.714, +/- 0.131,year
SVR,XGBoostRegressor,cascade,,1.324, +/- 0.181,day_of_week
SVR,XGBoostRegressor,cascade,,0.799, +/- 0.079,next_hour
SVR,XGBoostRegressor,cascade,,0.305, +/- 0.056,prev_week
SVR,XGBoostRegressor,cascade,,0.206, +/- 0.055,next_week
SVR,XGBoostRegressor,cascade,,0.093, +/- 0.054,prev_day
SVR,XGBoostRegressor,cascade,,0.069, +/- 0.031,day
SVR,XGBoostRegressor,cascade,,0.000, +/- 0.000,month
SVR,XGBoostRegressor,cascade,,0.000, +/- 0.000,week_of_year
SVR,XGBoostRegressor,cascade,,-0.002, +/- 0.040,next_day
SVR,SVR,voting,,736.220, +/- 11.382,ts
SVR,SVR,voting,,12.476, +/- 0.303,year
SVR,SVR,voting,,11.129, +/- 0.327,month
SVR,SVR,voting,,11.095, +/- 0.337,day_of_year
SVR,SVR,voting,,10.741, +/- 0.305,week_of_year
SVR,SVR,voting,,10.741, +/- 0.305,day_of_week
SVR,SVR,voting,,9.903, +/- 0.065,next_hour
SVR,SVR,voting,,9.338, +/- 0.479,next_week
SVR,SVR,voting,,8.997, +/- 0.359,prev_hour
SVR,SVR,voting,,8.414, +/- 0.057,next_day
SVR,SVR,voting,,7.729, +/- 0.278,prev_day
SVR,SVR,voting,,7.530, +/- 0.379,hour
SVR,SVR,voting,,7.496, +/- 0.147,prev_week
SVR,SVR,voting,,4.850, +/- 0.060,day
SVR,SVR,cascade,,798.872, +/- 12.618,preds
SVR,SVR,cascade,,0.440, +/- 0.028,ts
SVR,SVR,cascade,,0.081, +/- 0.024,next_week
SVR,SVR,cascade,,0.078, +/- 0.005,year
SVR,SVR,cascade,,0.073, +/- 0.014,next_day
SVR,SVR,cascade,,0.057, +/- 0.018,prev_week
SVR,SVR,cascade,,0.020, +/- 0.016,prev_day
SVR,SVR,cascade,,0.017, +/- 0.010,next_hour
SVR,SVR,cascade,,0.016, +/- 0.005,prev_hour
SVR,SVR,cascade,,0.004, +/- 0.002,day_of_year
SVR,SVR,cascade,,0.003, +/- 0.003,month
SVR,SVR,cascade,,-0.000, +/- 0.003,hour
SVR,SVR,cascade,,-0.003, +/- 0.004,week_of_year
SVR,SVR,cascade,,-0.003, +/- 0.004,day_of_week
SVR,SVR,cascade,,-0.011, +/- 0.003,day
SVR,GradientBoostingRegressor,voting,,766.231, +/- 11.523,ts
SVR,GradientBoostingRegressor,voting,,4.974, +/- 0.346,hour
SVR,GradientBoostingRegressor,voting,,4.561, +/- 0.138,year
SVR,GradientBoostingRegressor,voting,,4.546, +/- 0.090,prev_hour
SVR,GradientBoostingRegressor,voting,,4.320, +/- 0.041,next_hour
SVR,GradientBoostingRegressor,voting,,2.886, +/- 0.074,month
SVR,GradientBoostingRegressor,voting,,2.847, +/- 0.092,day_of_year
SVR,GradientBoostingRegressor,voting,,2.802, +/- 0.086,week_of_year
SVR,GradientBoostingRegressor,voting,,2.798, +/- 0.094,day_of_week
SVR,GradientBoostingRegressor,voting,,2.416, +/- 0.118,next_week
SVR,GradientBoostingRegressor,voting,,2.300, +/- 0.091,prev_week
SVR,GradientBoostingRegressor,voting,,2.238, +/- 0.053,next_day
SVR,GradientBoostingRegressor,voting,,1.882, +/- 0.122,prev_day
SVR,GradientBoostingRegressor,voting,,1.258, +/- 0.018,day
SVR,GradientBoostingRegressor,cascade,,656.409, +/- 10.304,preds
SVR,GradientBoostingRegressor,cascade,,17.439, +/- 0.485,ts
SVR,GradientBoostingRegressor,cascade,,3.524, +/- 0.090,prev_hour
SVR,GradientBoostingRegressor,cascade,,1.509, +/- 0.028,next_hour
SVR,GradientBoostingRegressor,cascade,,0.960, +/- 0.106,hour
SVR,GradientBoostingRegressor,cascade,,0.047, +/- 0.095,prev_week
SVR,GradientBoostingRegressor,cascade,,0.044, +/- 0.016,day_of_year
SVR,GradientBoostingRegressor,cascade,,0.024, +/- 0.006,prev_day
SVR,GradientBoostingRegressor,cascade,,0.011, +/- 0.014,year
SVR,GradientBoostingRegressor,cascade,,0.006, +/- 0.001,day
SVR,GradientBoostingRegressor,cascade,,-0.002, +/- 0.022,next_week
SVR,GradientBoostingRegressor,cascade,,-0.008, +/- 0.015,next_day
SVR,GradientBoostingRegressor,cascade,,-0.016, +/- 0.016,week_of_year
SVR,GradientBoostingRegressor,cascade,,-0.040, +/- 0.021,day_of_week
SVR,GradientBoostingRegressor,cascade,,-0.042, +/- 0.038,month
GradientBoostingRegressor,,plain,,799.478, +/- 11.580,ts
GradientBoostingRegressor,,plain,,6.992, +/- 0.244,prev_hour
GradientBoostingRegressor,,plain,,3.860, +/- 0.354,hour
GradientBoostingRegressor,,plain,,2.588, +/- 0.093,next_hour
GradientBoostingRegressor,,plain,,0.705, +/- 0.070,year
GradientBoostingRegressor,,plain,,0.557, +/- 0.238,prev_week
GradientBoostingRegressor,,plain,,0.030, +/- 0.025,day_of_year
GradientBoostingRegressor,,plain,,-0.002, +/- 0.002,next_day
GradientBoostingRegressor,,plain,,-0.005, +/- 0.042,next_week
GradientBoostingRegressor,,plain,,-0.011, +/- 0.016,day_of_week
GradientBoostingRegressor,,plain,,-0.013, +/- 0.036,day
GradientBoostingRegressor,,plain,,-0.017, +/- 0.033,prev_day
GradientBoostingRegressor,,plain,,-0.026, +/- 0.024,month
GradientBoostingRegressor,,plain,,-0.027, +/- 0.027,week_of_year
GradientBoostingRegressor,DecisionTreeRegressor,voting,,809.205, +/- 10.663,ts
GradientBoostingRegressor,DecisionTreeRegressor,voting,,7.837, +/- 0.398,next_hour
GradientBoostingRegressor,DecisionTreeRegressor,voting,,4.079, +/- 0.476,prev_hour
GradientBoostingRegressor,DecisionTreeRegressor,voting,,3.866, +/- 0.486,prev_week
GradientBoostingRegressor,DecisionTreeRegressor,voting,,3.212, +/- 0.091,hour
GradientBoostingRegressor,DecisionTreeRegressor,voting,,3.096, +/- 0.260,day_of_year
GradientBoostingRegressor,DecisionTreeRegressor,voting,,1.693, +/- 0.193,year
GradientBoostingRegressor,DecisionTreeRegressor,voting,,1.517, +/- 0.306,next_week
GradientBoostingRegressor,DecisionTreeRegressor,voting,,1.123, +/- 0.120,month
GradientBoostingRegressor,DecisionTreeRegressor,voting,,1.116, +/- 0.134,week_of_year
GradientBoostingRegressor,DecisionTreeRegressor,voting,,0.619, +/- 0.106,day_of_week
GradientBoostingRegressor,DecisionTreeRegressor,voting,,0.493, +/- 0.022,day
GradientBoostingRegressor,DecisionTreeRegressor,voting,,0.459, +/- 0.229,prev_day
GradientBoostingRegressor,DecisionTreeRegressor,voting,,0.161, +/- 0.307,next_day
GradientBoostingRegressor,DecisionTreeRegressor,cascade,,908.245, +/- 10.286,preds
GradientBoostingRegressor,DecisionTreeRegressor,cascade,,13.381, +/- 0.393,ts
GradientBoostingRegressor,DecisionTreeRegressor,cascade,,9.183, +/- 1.401,day_of_year
GradientBoostingRegressor,DecisionTreeRegressor,cascade,,3.944, +/- 0.905,prev_week
GradientBoostingRegressor,DecisionTreeRegressor,cascade,,2.350, +/- 0.197,day_of_week
GradientBoostingRegressor,DecisionTreeRegressor,cascade,,2.277, +/- 0.271,prev_hour
GradientBoostingRegressor,DecisionTreeRegressor,cascade,,2.274, +/- 0.587,year
GradientBoostingRegressor,DecisionTreeRegressor,cascade,,2.115, +/- 0.337,week_of_year
GradientBoostingRegressor,DecisionTreeRegressor,cascade,,1.407, +/- 0.748,hour
GradientBoostingRegressor,DecisionTreeRegressor,cascade,,1.370, +/- 0.041,prev_day
GradientBoostingRegressor,DecisionTreeRegressor,cascade,,1.355, +/- 0.822,next_day
GradientBoostingRegressor,DecisionTreeRegressor,cascade,,1.068, +/- 0.259,next_week
GradientBoostingRegressor,DecisionTreeRegressor,cascade,,0.781, +/- 0.241,next_hour
GradientBoostingRegressor,DecisionTreeRegressor,cascade,,0.454, +/- 0.123,day
GradientBoostingRegressor,DecisionTreeRegressor,cascade,,0.310, +/- 0.222,month
GradientBoostingRegressor,RandomForestRegressor,voting,,812.243, +/- 11.521,ts
GradientBoostingRegressor,RandomForestRegressor,voting,,4.827, +/- 0.197,next_hour
GradientBoostingRegressor,RandomForestRegressor,voting,,3.703, +/- 0.122,prev_hour
GradientBoostingRegressor,RandomForestRegressor,voting,,1.887, +/- 0.105,hour
GradientBoostingRegressor,RandomForestRegressor,voting,,0.794, +/- 0.079,year
GradientBoostingRegressor,RandomForestRegressor,voting,,0.669, +/- 0.256,prev_week
GradientBoostingRegressor,RandomForestRegressor,voting,,0.617, +/- 0.063,day_of_year
GradientBoostingRegressor,RandomForestRegressor,voting,,0.250, +/- 0.053,next_week
GradientBoostingRegressor,RandomForestRegressor,voting,,0.029, +/- 0.025,week_of_year
GradientBoostingRegressor,RandomForestRegressor,voting,,0.008, +/- 0.019,day_of_week
GradientBoostingRegressor,RandomForestRegressor,voting,,-0.025, +/- 0.019,next_day
GradientBoostingRegressor,RandomForestRegressor,voting,,-0.054, +/- 0.005,month
GradientBoostingRegressor,RandomForestRegressor,voting,,-0.078, +/- 0.035,day
GradientBoostingRegressor,RandomForestRegressor,voting,,-0.102, +/- 0.028,prev_day
GradientBoostingRegressor,RandomForestRegressor,cascade,,889.814, +/- 13.551,preds
GradientBoostingRegressor,RandomForestRegressor,cascade,,3.321, +/- 0.136,ts
GradientBoostingRegressor,RandomForestRegressor,cascade,,0.372, +/- 0.009,year
GradientBoostingRegressor,RandomForestRegressor,cascade,,0.135, +/- 0.106,day_of_year
GradientBoostingRegressor,RandomForestRegressor,cascade,,-0.023, +/- 0.081,prev_week
GradientBoostingRegressor,RandomForestRegressor,cascade,,-0.068, +/- 0.003,month
GradientBoostingRegressor,RandomForestRegressor,cascade,,-0.073, +/- 0.052,prev_hour
GradientBoostingRegressor,RandomForestRegressor,cascade,,-0.143, +/- 0.032,week_of_year
GradientBoostingRegressor,RandomForestRegressor,cascade,,-0.151, +/- 0.047,next_week
GradientBoostingRegressor,RandomForestRegressor,cascade,,-0.152, +/- 0.032,day_of_week
GradientBoostingRegressor,RandomForestRegressor,cascade,,-0.266, +/- 0.042,hour
GradientBoostingRegressor,RandomForestRegressor,cascade,,-0.272, +/- 0.040,day
GradientBoostingRegressor,RandomForestRegressor,cascade,,-0.280, +/- 0.055,next_day
GradientBoostingRegressor,RandomForestRegressor,cascade,,-0.287, +/- 0.005,next_hour
GradientBoostingRegressor,RandomForestRegressor,cascade,,-0.327, +/- 0.030,prev_day
GradientBoostingRegressor,XGBoostRegressor,voting,,784.231, +/- 10.800,ts
GradientBoostingRegressor,XGBoostRegressor,voting,,4.235, +/- 0.124,hour
GradientBoostingRegressor,XGBoostRegressor,voting,,3.348, +/- 0.147,prev_hour
GradientBoostingRegressor,XGBoostRegressor,voting,,3.178, +/- 0.091,next_hour
GradientBoostingRegressor,XGBoostRegressor,voting,,1.989, +/- 0.185,year
GradientBoostingRegressor,XGBoostRegressor,voting,,1.112, +/- 0.302,prev_week
GradientBoostingRegressor,XGBoostRegressor,voting,,0.964, +/- 0.050,day_of_year
GradientBoostingRegressor,XGBoostRegressor,voting,,0.323, +/- 0.084,next_week
GradientBoostingRegressor,XGBoostRegressor,voting,,0.270, +/- 0.020,day_of_week
GradientBoostingRegressor,XGBoostRegressor,voting,,0.018, +/- 0.021,day
GradientBoostingRegressor,XGBoostRegressor,voting,,0.010, +/- 0.042,next_day
GradientBoostingRegressor,XGBoostRegressor,voting,,-0.006, +/- 0.003,prev_day
GradientBoostingRegressor,XGBoostRegressor,voting,,-0.007, +/- 0.006,month
GradientBoostingRegressor,XGBoostRegressor,voting,,-0.018, +/- 0.017,week_of_year
GradientBoostingRegressor,XGBoostRegressor,cascade,,916.045, +/- 14.865,preds
GradientBoostingRegressor,XGBoostRegressor,cascade,,11.255, +/- 0.345,ts
GradientBoostingRegressor,XGBoostRegressor,cascade,,3.244, +/- 0.223,year
GradientBoostingRegressor,XGBoostRegressor,cascade,,2.348, +/- 0.029,day_of_year
GradientBoostingRegressor,XGBoostRegressor,cascade,,1.012, +/- 0.184,day_of_week
GradientBoostingRegressor,XGBoostRegressor,cascade,,0.701, +/- 0.027,prev_hour
GradientBoostingRegressor,XGBoostRegressor,cascade,,0.484, +/- 0.135,next_week
GradientBoostingRegressor,XGBoostRegressor,cascade,,0.438, +/- 0.008,hour
GradientBoostingRegressor,XGBoostRegressor,cascade,,0.299, +/- 0.051,next_hour
GradientBoostingRegressor,XGBoostRegressor,cascade,,0.109, +/- 0.041,day
GradientBoostingRegressor,XGBoostRegressor,cascade,,0.063, +/- 0.040,prev_week
GradientBoostingRegressor,XGBoostRegressor,cascade,,0.032, +/- 0.026,next_day
GradientBoostingRegressor,XGBoostRegressor,cascade,,0.022, +/- 0.066,prev_day
GradientBoostingRegressor,XGBoostRegressor,cascade,,0.000, +/- 0.000,week_of_year
GradientBoostingRegressor,XGBoostRegressor,cascade,,-0.001, +/- 0.003,month
GradientBoostingRegressor,SVR,voting,,766.622, +/- 11.561,ts
GradientBoostingRegressor,SVR,voting,,4.789, +/- 0.356,hour
GradientBoostingRegressor,SVR,voting,,4.561, +/- 0.138,year
GradientBoostingRegressor,SVR,voting,,4.523, +/- 0.062,next_hour
GradientBoostingRegressor,SVR,voting,,4.247, +/- 0.095,prev_hour
GradientBoostingRegressor,SVR,voting,,2.898, +/- 0.082,month
GradientBoostingRegressor,SVR,voting,,2.841, +/- 0.100,day_of_year
GradientBoostingRegressor,SVR,voting,,2.796, +/- 0.081,week_of_year
GradientBoostingRegressor,SVR,voting,,2.779, +/- 0.067,day_of_week
GradientBoostingRegressor,SVR,voting,,2.444, +/- 0.132,next_week
GradientBoostingRegressor,SVR,voting,,2.300, +/- 0.091,prev_week
GradientBoostingRegressor,SVR,voting,,2.239, +/- 0.055,next_day
GradientBoostingRegressor,SVR,voting,,1.886, +/- 0.121,prev_day
GradientBoostingRegressor,SVR,voting,,1.258, +/- 0.021,day
GradientBoostingRegressor,SVR,cascade,,830.010, +/- 13.244,preds
GradientBoostingRegressor,SVR,cascade,,0.056, +/- 0.008,ts
GradientBoostingRegressor,SVR,cascade,,0.056, +/- 0.008,year
GradientBoostingRegressor,SVR,cascade,,0.048, +/- 0.007,prev_week
GradientBoostingRegressor,SVR,cascade,,0.037, +/- 0.010,prev_hour
GradientBoostingRegressor,SVR,cascade,,0.021, +/- 0.003,next_day
GradientBoostingRegressor,SVR,cascade,,0.020, +/- 0.010,next_week
GradientBoostingRegressor,SVR,cascade,,0.006, +/- 0.001,week_of_year
GradientBoostingRegressor,SVR,cascade,,0.006, +/- 0.001,day_of_week
GradientBoostingRegressor,SVR,cascade,,0.005, +/- 0.005,next_hour
GradientBoostingRegressor,SVR,cascade,,0.003, +/- 0.003,hour
GradientBoostingRegressor,SVR,cascade,,0.000, +/- 0.001,day
GradientBoostingRegressor,SVR,cascade,,-0.000, +/- 0.009,day_of_year
GradientBoostingRegressor,SVR,cascade,,-0.002, +/- 0.008,month
GradientBoostingRegressor,SVR,cascade,,-0.007, +/- 0.002,prev_day
GradientBoostingRegressor,GradientBoostingRegressor,voting,,799.803, +/- 11.669,ts
GradientBoostingRegressor,GradientBoostingRegressor,voting,,5.798, +/- 0.227,prev_hour
GradientBoostingRegressor,GradientBoostingRegressor,voting,,3.952, +/- 0.304,hour
GradientBoostingRegressor,GradientBoostingRegressor,voting,,2.615, +/- 0.130,next_hour
GradientBoostingRegressor,GradientBoostingRegressor,voting,,0.705, +/- 0.070,year
GradientBoostingRegressor,GradientBoostingRegressor,voting,,0.563, +/- 0.237,prev_week
GradientBoostingRegressor,GradientBoostingRegressor,voting,,-0.001, +/- 0.024,next_week
GradientBoostingRegressor,GradientBoostingRegressor,voting,,-0.003, +/- 0.058,day_of_year
GradientBoostingRegressor,GradientBoostingRegressor,voting,,-0.006, +/- 0.017,prev_day
GradientBoostingRegressor,GradientBoostingRegressor,voting,,-0.013, +/- 0.003,week_of_year
GradientBoostingRegressor,GradientBoostingRegressor,voting,,-0.013, +/- 0.017,day_of_week
GradientBoostingRegressor,GradientBoostingRegressor,voting,,-0.016, +/- 0.022,next_day
GradientBoostingRegressor,GradientBoostingRegressor,voting,,-0.022, +/- 0.036,day
GradientBoostingRegressor,GradientBoostingRegressor,voting,,-0.026, +/- 0.024,month
GradientBoostingRegressor,GradientBoostingRegressor,cascade,,879.915, +/- 13.501,preds
GradientBoostingRegressor,GradientBoostingRegressor,cascade,,1.778, +/- 0.064,ts
GradientBoostingRegressor,GradientBoostingRegressor,cascade,,0.227, +/- 0.039,prev_hour
GradientBoostingRegressor,GradientBoostingRegressor,cascade,,0.179, +/- 0.021,next_hour
GradientBoostingRegressor,GradientBoostingRegressor,cascade,,0.118, +/- 0.013,year
GradientBoostingRegressor,GradientBoostingRegressor,cascade,,0.092, +/- 0.021,hour
GradientBoostingRegressor,GradientBoostingRegressor,cascade,,0.026, +/- 0.012,day_of_year
GradientBoostingRegressor,GradientBoostingRegressor,cascade,,0.017, +/- 0.007,prev_week
GradientBoostingRegressor,GradientBoostingRegressor,cascade,,0.013, +/- 0.007,day_of_week
GradientBoostingRegressor,GradientBoostingRegressor,cascade,,0.004, +/- 0.004,next_week
GradientBoostingRegressor,GradientBoostingRegressor,cascade,,0.003, +/- 0.003,prev_day
GradientBoostingRegressor,GradientBoostingRegressor,cascade,,0.001, +/- 0.001,week_of_year
GradientBoostingRegressor,GradientBoostingRegressor,cascade,,0.001, +/- 0.013,next_day
GradientBoostingRegressor,GradientBoostingRegressor,cascade,,0.000, +/- 0.000,month
GradientBoostingRegressor,GradientBoostingRegressor,cascade,,-0.012, +/- 0.017,day
